Transencwithlineardec,1,1,34877.59388044104,1429.5862753018737,-0.00796198844909668
Transencwithlineardec,1,2,34636.739398594946,1408.0699871778488,0.007208406925201416
Transencwithlineardec,1,3,34551.05287305266,1376.7376639991999,0.02930009365081787
Transencwithlineardec,1,4,34453.126430392265,1357.589258223772,0.042801082134246826
Transencwithlineardec,1,5,34383.32049588859,1337.4284021258354,0.057015836238861084
Transencwithlineardec,1,6,34337.69743426889,1321.753346517682,0.06806790828704834
Transencwithlineardec,1,7,34267.133710592985,1289.010431803763,0.09115409851074219
Transencwithlineardec,1,8,34128.53652039915,1212.375919945538,0.14518696069717407
Transencwithlineardec,1,9,33783.71761336923,1121.3416939675808,0.20937275886535645
Transencwithlineardec,1,10,33484.940007701516,1075.4980523437262,0.2416958212852478
Transencwithlineardec,1,11,33291.88850675523,1050.5472552478313,0.25928795337677
Transencwithlineardec,1,12,33224.02925234288,1043.3645032644272,0.26435232162475586
Transencwithlineardec,1,13,33150.64551217109,1043.1525919735432,0.264501690864563
Transencwithlineardec,1,14,33125.9503486231,1038.0705035924911,0.26808494329452515
Transencwithlineardec,1,15,33033.26570826396,1029.2647327184677,0.2742936611175537
Transencwithlineardec,1,16,32976.412724770606,1023.1759503185749,0.278586745262146
Transencwithlineardec,1,17,32968.22568611801,1023.323028832674,0.27848291397094727
Transencwithlineardec,1,18,32924.17194245383,1018.6232213079929,0.28179675340652466
Transencwithlineardec,1,19,32942.0052247718,1017.6544933021069,0.2824797034263611
Transencwithlineardec,1,20,32877.74734868482,1017.5630676448345,0.28254419565200806
Transencwithlineardec,1,21,32884.5955507569,1021.9509115219116,0.2794504165649414
Transencwithlineardec,1,22,32905.3341511637,1008.0679785311222,0.2892388701438904
Transencwithlineardec,1,23,32858.85851415247,1010.6798145473003,0.28739744424819946
Transencwithlineardec,1,24,32775.83084708825,1013.333141118288,0.2855265736579895
Transencwithlineardec,1,25,32811.16113239527,1008.698558807373,0.2887943387031555
Transencwithlineardec,1,26,33010.52756357193,1028.59502774477,0.2747657895088196
Transencwithlineardec,1,27,32800.04712048173,1006.4045727849007,0.29041171073913574
Transencwithlineardec,1,28,32760.11077211052,1009.6629200279713,0.2881143093109131
Transencwithlineardec,1,29,32775.75767418742,1020.2071029543877,0.28067994117736816
Transencwithlineardec,1,30,32827.158826202154,1026.2554281949997,0.27641546726226807
Transencwithlineardec,1,31,32783.11061196402,1014.6278094649315,0.28461378812789917
Transencwithlineardec,1,32,32914.70805694163,1033.9355719089508,0.27100038528442383
Transencwithlineardec,2,1,36083.66094922274,1967.003893390298,0.014802098274230957
Transencwithlineardec,2,2,35624.80841076374,1919.3028417527676,0.038693785667419434
Transencwithlineardec,2,3,35265.925994724035,1851.6585752665997,0.07257425785064697
Transencwithlineardec,2,4,35026.55783513188,1817.1921100914478,0.08983713388442993
Transencwithlineardec,2,5,34836.17592726648,1770.5148483514786,0.1132161021232605
Transencwithlineardec,2,6,34497.66330972314,1586.1811000704765,0.20554184913635254
Transencwithlineardec,2,7,33734.857459664345,1464.4904226660728,0.26649218797683716
Transencwithlineardec,2,8,33386.44562010467,1398.9753693342209,0.29930615425109863
Transencwithlineardec,2,9,33075.76850028336,1362.0540035367012,0.3177986145019531
Transencwithlineardec,2,10,32994.2528347075,1360.3712959885597,0.3186414837837219
Transencwithlineardec,2,11,32835.42615711689,1350.3368620872498,0.32366740703582764
Transencwithlineardec,2,12,32935.35600787401,1355.9122297167778,0.3208749294281006
Transencwithlineardec,2,13,32675.517099946737,1323.3968724906445,0.337160587310791
Transencwithlineardec,2,14,32578.798200547695,1328.4758486747742,0.3346167206764221
Transencwithlineardec,2,15,32715.734861925244,1335.5725794434547,0.3310621976852417
Transencwithlineardec,2,16,32511.447225779295,1318.7811045348644,0.33947235345840454
Transencwithlineardec,2,17,32563.73429199308,1320.6435258984566,0.33853965997695923
Transencwithlineardec,2,18,32860.5302080214,1367.978196144104,0.3148314952850342
Transencwithlineardec,2,19,32586.220385730267,1322.2428174614906,0.337738573551178
Transencwithlineardec,2,20,32606.56954023242,1371.3182615041733,0.3131585717201233
Transencwithlineardec,2,21,32532.28280776739,1314.776134610176,0.3414783477783203
Transencwithlineardec,2,22,32395.890568837523,1311.1435193419456,0.3432977795600891
Transencwithlineardec,2,23,32309.876723363996,1311.8773580789566,0.34293025732040405
Transencwithlineardec,2,24,32296.906857728958,1315.8751583695412,0.34092795848846436
Transencwithlineardec,2,25,32329.10868999362,1318.5105049610138,0.33960795402526855
Transencwithlineardec,2,26,32345.99401153624,1301.0590451657772,0.3483487367630005
Transencwithlineardec,2,27,32250.43055741489,1298.9293890297413,0.3494153618812561
Transencwithlineardec,2,28,32235.538904070854,1317.8104491829872,0.33995866775512695
Transencwithlineardec,2,29,32260.387912660837,1289.2494393587112,0.3542637228965759
Transencwithlineardec,2,30,32202.06370919943,1312.9126608669758,0.34241175651550293
Transencwithlineardec,2,31,32843.895046025515,1290.898573935032,0.35343772172927856
Transencwithlineardec,2,32,32223.052996233106,1331.5287275910378,0.3330875635147095
Transencwithlineardec,3,1,36449.98302581906,2467.257518827915,-0.00747990608215332
Transencwithlineardec,3,2,35969.972159296274,2412.3153441399336,0.01495516300201416
Transencwithlineardec,3,3,35683.09008167684,2307.224106311798,0.057868123054504395
Transencwithlineardec,3,4,35374.375481665134,2147.9208019971848,0.1229180097579956
Transencwithlineardec,3,5,34497.14689262211,1772.1905651688576,0.2763437032699585
Transencwithlineardec,3,6,33644.233615368605,1690.4561161398888,0.3097192049026489
Transencwithlineardec,3,7,33154.216589033604,1656.1275710463524,0.3237369656562805
Transencwithlineardec,3,8,32991.103207945824,1640.6679756939411,0.33004963397979736
Transencwithlineardec,3,9,33073.63720333576,1690.276080995798,0.3097926378250122
Transencwithlineardec,3,10,32913.90811577439,1628.8120959699154,0.3348909020423889
Transencwithlineardec,3,11,32581.149146288633,1589.37914788723,0.35099291801452637
Transencwithlineardec,3,12,32458.627608448267,1581.0402873456478,0.3543980121612549
Transencwithlineardec,3,13,32515.39072485268,1601.1063014268875,0.3462042212486267
Transencwithlineardec,3,14,32678.007134139538,1574.513161033392,0.35706329345703125
Transencwithlineardec,3,15,32366.67135311663,1575.4470909833908,0.3566820025444031
Transencwithlineardec,3,16,32175.280417859554,1559.363182336092,0.36324965953826904
Transencwithlineardec,3,17,32253.440281122923,1552.9894784390926,0.3658522963523865
Transencwithlineardec,3,18,33381.05825158954,1895.4778910279274,0.2260006070137024
Transencwithlineardec,3,19,32718.081386178732,1566.9847636520863,0.3601375222206116
Transencwithlineardec,3,20,32174.801973432302,1556.458263784647,0.3644357919692993
Transencwithlineardec,3,21,32320.847125917673,1601.8976170420647,0.3458811640739441
Transencwithlineardec,3,22,32237.350397855043,1568.5287041962147,0.3595070242881775
Transencwithlineardec,3,23,31980.435545951128,1545.4655026197433,0.368924617767334
Transencwithlineardec,3,24,32195.25964230299,1582.6779955625534,0.353729248046875
Transencwithlineardec,3,25,32174.625854432583,1555.1851910352707,0.36495572328567505
Transencwithlineardec,3,26,32325.724199533463,1597.380778670311,0.34772562980651855
Transencwithlineardec,3,27,32022.660341650248,1559.0210317373276,0.36338937282562256
Transencwithlineardec,3,28,32096.813909560442,1540.6139076948166,0.3709057569503784
Transencwithlineardec,3,29,31909.23006659746,1555.342276751995,0.36489152908325195
Transencwithlineardec,3,30,32092.48984849453,1556.1906530857086,0.3645451068878174
Transencwithlineardec,3,31,32080.705684810877,1548.2069646716118,0.3678051829338074
Transencwithlineardec,3,32,31877.735108345747,1535.6754826307297,0.37292230129241943
Transencwithlineardec,4,1,37175.51804333925,2773.3482933565974,0.02395862340927124
Transencwithlineardec,4,2,36570.824765861034,2680.3531304597855,0.056686997413635254
Transencwithlineardec,4,3,36270.979125112295,2631.495776414871,0.07388168573379517
Transencwithlineardec,4,4,36018.954537034035,2573.4449894428253,0.09431183338165283
Transencwithlineardec,4,5,35711.84269768,2496.899291753769,0.12125098705291748
Transencwithlineardec,4,6,35358.03673917055,2332.0454753041267,0.17926907539367676
Transencwithlineardec,4,7,34569.55717206001,2005.9391357898712,0.29403769969940186
Transencwithlineardec,4,8,33631.82923275232,1939.0670897960663,0.3175722360610962
Transencwithlineardec,4,9,33271.436389267445,1903.1929116249084,0.3301977515220642
Transencwithlineardec,4,10,32996.09964847565,1887.4086000323296,0.33575278520584106
Transencwithlineardec,4,11,32956.56166833639,1874.5374784469604,0.3402825593948364
Transencwithlineardec,4,12,32815.261093735695,1864.5584030151367,0.343794584274292
Transencwithlineardec,4,13,32613.33595329523,1840.585354745388,0.3522316813468933
Transencwithlineardec,4,14,32631.846027076244,1911.372018277645,0.3273191452026367
Transencwithlineardec,4,15,32445.31819820404,1825.7141931056976,0.35746532678604126
Transencwithlineardec,4,16,32410.561505496502,1815.0067527890205,0.36123359203338623
Transencwithlineardec,4,17,32308.559389054775,1826.4058834910393,0.3572218418121338
Transencwithlineardec,4,18,32410.393265902996,1842.692476928234,0.3514900803565979
Transencwithlineardec,4,19,32288.460245996714,1805.3787021040916,0.3646221160888672
Transencwithlineardec,4,20,32162.77344277501,1830.110119819641,0.35591816902160645
Transencwithlineardec,4,21,32260.69794869423,1822.9373825192451,0.35844260454177856
Transencwithlineardec,4,22,32213.506882965565,1809.2828627228737,0.3632481098175049
Transencwithlineardec,4,23,32108.86979034543,1814.3428128957748,0.36146730184555054
Transencwithlineardec,4,24,32132.120004102588,1811.2007635831833,0.36257314682006836
Transencwithlineardec,4,25,32074.50329735875,1804.8948345184326,0.3647924065589905
Transencwithlineardec,4,26,32106.78123769164,1812.5540744662285,0.36209678649902344
Transencwithlineardec,4,27,32560.53245705366,1828.6233895421028,0.3564414381980896
Transencwithlineardec,4,28,32178.75839871168,1825.0551205277443,0.35769718885421753
Transencwithlineardec,4,29,32126.037388324738,1842.2926518917084,0.3516307473182678
Transencwithlineardec,4,30,32049.8374992311,1813.280445277691,0.36184120178222656
Transencwithlineardec,4,31,31991.389063090086,1814.8950417041779,0.361272931098938
Transencwithlineardec,4,32,31908.257854774594,1796.8467640280724,0.36762475967407227
Transencwithlineardec,5,1,38025.76693255082,3149.2309916839004,0.0176466703414917
Transencwithlineardec,5,2,37478.68393549323,2979.2577105760574,0.0706670880317688
Transencwithlineardec,5,3,37111.53585165739,2921.428970515728,0.08870589733123779
Transencwithlineardec,5,4,36838.652951806784,2854.2090641260147,0.10967409610748291
Transencwithlineardec,5,5,36498.60727125406,2671.9244369268417,0.16653496026992798
Transencwithlineardec,5,6,35296.97817021608,2247.9795849323273,0.2987779378890991
Transencwithlineardec,5,7,34423.13939130306,2180.1125143766403,0.3199479579925537
Transencwithlineardec,5,8,33999.217637717724,2162.386347055435,0.3254774212837219
Transencwithlineardec,5,9,33671.30014061928,2142.112414956093,0.33180147409439087
Transencwithlineardec,5,10,33467.61353293061,2126.411052584648,0.3366992473602295
Transencwithlineardec,5,11,33293.063637554646,2107.3954240083694,0.34263092279434204
Transencwithlineardec,5,12,33190.10437691212,2119.9715772867203,0.3387080430984497
Transencwithlineardec,5,13,33190.37482139468,2110.3908331394196,0.341696560382843
Transencwithlineardec,5,14,33208.2193557024,2113.950441598892,0.34058618545532227
Transencwithlineardec,5,15,33151.9842106998,2134.585627555847,0.33414942026138306
Transencwithlineardec,5,16,33013.00591379404,2116.6053768396378,0.3397579789161682
Transencwithlineardec,5,17,33156.77319097519,2147.678585767746,0.33006519079208374
Transencwithlineardec,5,18,33023.6520665288,2110.2996876239777,0.34172505140304565
Transencwithlineardec,5,19,32884.72518455982,2128.0869727134705,0.3361765146255493
Transencwithlineardec,5,20,32766.410657286644,2091.507694363594,0.34758687019348145
Transencwithlineardec,5,21,32913.00516277552,2158.84383559227,0.3265824317932129
Transencwithlineardec,5,22,32962.072809278965,2139.6482360363007,0.3325701951980591
Transencwithlineardec,5,23,32958.561253368855,2105.6676872968674,0.3431698679924011
Transencwithlineardec,5,24,32849.862517118454,2235.285467863083,0.30273765325546265
Transencwithlineardec,5,25,32926.81980103254,2120.1366317272186,0.338656485080719
Transencwithlineardec,5,26,32648.303087323904,2081.4835016727448,0.35071367025375366
Transencwithlineardec,5,27,32763.53491550684,2102.3484624624252,0.34420526027679443
Transencwithlineardec,5,28,32608.53225183487,2085.222149848938,0.34954750537872314
Transencwithlineardec,5,29,32644.350320518017,2068.310588479042,0.3548228144645691
Transencwithlineardec,5,30,32523.719958633184,2056.9930353164673,0.3583531379699707
Transencwithlineardec,5,31,32472.509287834167,2070.1940546035767,0.35423529148101807
Transencwithlineardec,5,32,32560.151670336723,2087.240539908409,0.34891796112060547
Transencwithlineardec,6,1,39371.60806962848,3457.629914343357,0.019887447357177734
Transencwithlineardec,6,2,38623.77124097943,3357.610882908106,0.048239290714263916
Transencwithlineardec,6,3,38159.31126497686,3245.7587383389473,0.07994526624679565
Transencwithlineardec,6,4,37604.114669173956,2911.2891930937767,0.17475521564483643
Transencwithlineardec,6,5,36214.01430130005,2466.115893483162,0.3009457588195801
Transencwithlineardec,6,6,35110.40946263075,2392.9371436834335,0.3216891884803772
Transencwithlineardec,6,7,34700.36225146055,2390.2476904392242,0.322451651096344
Transencwithlineardec,6,8,34510.04484432936,2351.52475887537,0.3334280848503113
Transencwithlineardec,6,9,34293.33274137974,2325.727336704731,0.34074074029922485
Transencwithlineardec,6,10,34248.2537971735,2354.857485294342,0.3324834704399109
Transencwithlineardec,6,11,34000.4608361125,2291.291812837124,0.35050201416015625
Transencwithlineardec,6,12,34235.48589223623,2361.803855895996,0.33051443099975586
Transencwithlineardec,6,13,33782.56664097309,2299.5877682566643,0.34815043210983276
Transencwithlineardec,6,14,33671.56531339884,2284.0873186588287,0.3525441884994507
Transencwithlineardec,6,15,33762.283485770226,2298.5583921670914,0.3484421968460083
Transencwithlineardec,6,16,33510.262627482414,2305.815598487854,0.34638506174087524
Transencwithlineardec,6,17,33563.229852080345,2293.1438896656036,0.3499770164489746
Transencwithlineardec,6,18,33457.42447608709,2265.9906378388405,0.3576740026473999
Transencwithlineardec,6,19,33405.64840734005,2292.524566888809,0.3501526117324829
Transencwithlineardec,6,20,33467.45237261057,2265.3290123939514,0.3578614592552185
Transencwithlineardec,6,21,33364.11394664645,2274.584455013275,0.3552379012107849
Transencwithlineardec,6,22,33416.98953717947,2258.208523273468,0.35987991094589233
Transencwithlineardec,6,23,33381.07578462362,2249.960890889168,0.3622177839279175
Transencwithlineardec,6,24,33766.75681608915,2329.6244410276413,0.33963608741760254
Transencwithlineardec,6,25,33665.54062861204,2252.3715884685516,0.3615344762802124
Transencwithlineardec,6,26,33600.781442523,2317.629434108734,0.3430361747741699
Transencwithlineardec,6,27,33339.83851838112,2249.5857699513435,0.36232417821884155
Transencwithlineardec,6,28,33410.33248835802,2253.5251314640045,0.3612074851989746
Transencwithlineardec,6,29,33208.84015136957,2272.927262187004,0.3557077646255493
Transencwithlineardec,6,30,33134.16683214903,2237.401668071747,0.3657779097557068
Transencwithlineardec,6,31,33175.08514434099,2251.0076780319214,0.36192113161087036
Transencwithlineardec,6,32,33184.37042033672,2254.960225224495,0.36080068349838257
Transencwithlineardec,7,1,41020.6326341033,3783.2270641997457,0.011933863162994385
Transencwithlineardec,7,2,39797.19074136019,3672.080462805927,0.040962159633636475
Transencwithlineardec,7,3,39412.48611301184,3571.701404929161,0.06717801094055176
Transencwithlineardec,7,4,39108.36826968193,3503.3561691641808,0.08502787351608276
Transencwithlineardec,7,5,38865.1778126955,3464.2152096629143,0.09525030851364136
Transencwithlineardec,7,6,38510.63752424717,3388.3120654821396,0.11507385969161987
Transencwithlineardec,7,7,37937.413516163826,3179.402218937874,0.1696348786354065
Transencwithlineardec,7,8,36870.122609615326,2786.489137530327,0.2722521424293518
Transencwithlineardec,7,9,35932.35153949261,2707.485314011574,0.2928854823112488
Transencwithlineardec,7,10,35429.06469017267,2654.0552735328674,0.30683982372283936
Transencwithlineardec,7,11,35173.063000917435,2607.288806259632,0.31905388832092285
Transencwithlineardec,7,12,35045.63930499554,2616.675772488117,0.3166022300720215
Transencwithlineardec,7,13,34747.566704928875,2588.4995335936546,0.3239610195159912
Transencwithlineardec,7,14,34685.33815038204,2586.883441925049,0.3243831396102905
Transencwithlineardec,7,15,34533.852309167385,2558.428967356682,0.33181458711624146
Transencwithlineardec,7,16,34430.98560458422,2553.762513399124,0.33303332328796387
Transencwithlineardec,7,17,34573.24847102165,2578.26437830925,0.32663416862487793
Transencwithlineardec,7,18,34358.163384497166,2521.7906004190445,0.34138351678848267
Transencwithlineardec,7,19,34182.75837826729,2552.46687912941,0.33337175846099854
Transencwithlineardec,7,20,34097.47421580553,2528.4903923273087,0.33963364362716675
Transencwithlineardec,7,21,34080.789343476295,2530.935336828232,0.33899515867233276
Transencwithlineardec,7,22,33952.17568844557,2519.122036933899,0.34208041429519653
Transencwithlineardec,7,23,34026.44811975956,2543.4205796718597,0.33573436737060547
Transencwithlineardec,7,24,33955.69477725029,2521.047575712204,0.3415774703025818
Transencwithlineardec,7,25,33910.94636806846,2516.0393249988556,0.3428855538368225
Transencwithlineardec,7,26,33786.95211338997,2520.608525633812,0.34169214963912964
Transencwithlineardec,7,27,33729.956646084785,2506.6339247226715,0.3453419804573059
Transencwithlineardec,7,28,33748.89615562558,2532.9501954317093,0.33846890926361084
Transencwithlineardec,7,29,33637.60571372509,2507.7439868450165,0.34505200386047363
Transencwithlineardec,7,30,33697.58121994138,2516.90630030632,0.3426591753959656
Transencwithlineardec,7,31,33684.519274532795,2493.5068584680557,0.3487703204154968
Transencwithlineardec,7,32,33643.48200169206,2507.2225412130356,0.3451882600784302
Transencwithlineardec,8,1,41506.10531324148,4076.5333845317364,0.008621573448181152
Transencwithlineardec,8,2,40765.96175503731,3916.6708833277225,0.04749870300292969
Transencwithlineardec,8,3,40238.45169785619,3797.1250470876694,0.07657128572463989
Transencwithlineardec,8,4,39868.58622866869,3737.4608343839645,0.09108108282089233
Transencwithlineardec,8,5,39457.04259300232,3605.32642018795,0.12321507930755615
Transencwithlineardec,8,6,38868.221205592155,3237.9685184955597,0.21255332231521606
Transencwithlineardec,8,7,37287.89785498381,2913.1490310430527,0.2915467619895935
Transencwithlineardec,8,8,36472.1228877902,2882.331052303314,0.2990414500236511
Transencwithlineardec,8,9,36247.06114631891,2812.504822731018,0.3160226345062256
Transencwithlineardec,8,10,35909.553039968014,2786.7947005927563,0.32227498292922974
Transencwithlineardec,8,11,35767.405539005995,2777.006835192442,0.3246554136276245
Transencwithlineardec,8,12,35653.06997781992,2762.3893063366413,0.3282102346420288
Transencwithlineardec,8,13,35431.629198908806,2748.235359162092,0.33165228366851807
Transencwithlineardec,8,14,35409.62973874807,2752.324317842722,0.330657958984375
Transencwithlineardec,8,15,35381.60667169094,2749.7842105031013,0.33127570152282715
Transencwithlineardec,8,16,35294.05224776268,2730.1926775574684,0.336040198802948
Transencwithlineardec,8,17,35137.067630290985,2726.473028421402,0.3369448184967041
Transencwithlineardec,8,18,35103.746730685234,2702.178423702717,0.34285300970077515
Transencwithlineardec,8,19,35029.65553510189,2737.2900891304016,0.334314227104187
Transencwithlineardec,8,20,34855.75943493843,2716.475106358528,0.33937621116638184
Transencwithlineardec,8,21,34836.82222956419,2720.295519709587,0.33844709396362305
Transencwithlineardec,8,22,34801.1759878397,2737.630146384239,0.334231436252594
Transencwithlineardec,8,23,34772.27550804615,2727.7047484517097,0.3366451859474182
Transencwithlineardec,8,24,34711.209633648396,2706.0956143140793,0.3419003486633301
Transencwithlineardec,8,25,34890.73082059622,2718.86183154583,0.33879584074020386
Transencwithlineardec,8,26,34663.94777619839,2717.415912747383,0.3391474485397339
Transencwithlineardec,8,27,34616.023666501045,2734.0340361595154,0.3351060152053833
Transencwithlineardec,8,28,34533.72684854269,2710.4825779795647,0.3408334255218506
Transencwithlineardec,8,29,34636.09693527222,2719.4104689359665,0.338662326335907
Transencwithlineardec,8,30,34641.64201468229,2718.8635098338127,0.33879536390304565
Transencwithlineardec,8,31,34804.0060633719,2724.6747018694878,0.33738207817077637
Transencwithlineardec,8,32,34557.68570500612,2750.6693074703217,0.3310604691505432
Transencwithlineardec,9,1,42043.635609179735,4298.987252401188,0.017812490463256836
Transencwithlineardec,9,2,41284.64974486828,4117.843227088451,0.05919837951660156
Transencwithlineardec,9,3,40764.46912056208,3983.102595090866,0.08998256921768188
Transencwithlineardec,9,4,40348.316662073135,3857.593774199486,0.11865746974945068
Transencwithlineardec,9,5,39823.83811569214,3704.4923927783966,0.15363645553588867
Transencwithlineardec,9,6,38599.61475265026,3194.263177037239,0.2702082395553589
Transencwithlineardec,9,7,37425.46038162708,3100.7731494903564,0.291567862033844
Transencwithlineardec,9,8,36895.56079274416,3063.16940844059,0.30015915632247925
Transencwithlineardec,9,9,36635.65924680233,3045.5528488755226,0.3041840195655823
Transencwithlineardec,9,10,36491.943889677525,3020.6973125338554,0.30986279249191284
Transencwithlineardec,9,11,36307.729103684425,3020.6851447820663,0.3098655939102173
Transencwithlineardec,9,12,36096.662722468376,2977.709402680397,0.3196842074394226
Transencwithlineardec,9,13,35939.626563966274,2987.021074950695,0.31755685806274414
Transencwithlineardec,9,14,35878.4419041872,2947.828372001648,0.3265111446380615
Transencwithlineardec,9,15,35779.3942809701,2950.677172422409,0.3258602023124695
Transencwithlineardec,9,16,36037.84746706486,2955.3608056902885,0.32479017972946167
Transencwithlineardec,9,17,35854.948482334614,2933.26442360878,0.32983845472335815
Transencwithlineardec,9,18,35791.04949986935,2934.9738360643387,0.32944798469543457
Transencwithlineardec,9,19,35754.4734839201,2930.159375667572,0.33054792881011963
Transencwithlineardec,9,20,35664.35698378086,2925.6934896707535,0.33156830072402954
Transencwithlineardec,9,21,35504.58082002401,2918.768014073372,0.3331505060195923
Transencwithlineardec,9,22,35519.95930093527,2939.8404870033264,0.32833606004714966
Transencwithlineardec,9,23,35454.43554317951,2929.852675676346,0.3306179642677307
Transencwithlineardec,9,24,35332.71972113848,2953.7924975156784,0.32514846324920654
Transencwithlineardec,9,25,35245.026793181896,2954.2854471206665,0.32503581047058105
Transencwithlineardec,9,26,35283.0325319767,2930.648507118225,0.33043617010116577
Transencwithlineardec,9,27,35568.225321531296,2920.8090401887894,0.33268415927886963
Transencwithlineardec,9,28,35259.519433259964,2948.320215880871,0.32639873027801514
Transencwithlineardec,9,29,35379.25336307287,2954.5879645347595,0.3249667286872864
Transencwithlineardec,9,30,35356.6205470562,2949.175747513771,0.32620322704315186
Transencwithlineardec,9,31,35124.76781463623,2955.881531357765,0.32467120885849
Transencwithlineardec,9,32,35154.050047278404,2942.872103571892,0.3276434540748596
Transencwithlineardec,10,1,42602.45204165578,4457.5266198813915,0.03465086221694946
Transencwithlineardec,10,2,41871.174102813005,4315.574770629406,0.06539291143417358
Transencwithlineardec,10,3,41481.486786812544,4246.568748950958,0.08033710718154907
Transencwithlineardec,10,4,41179.43568018079,4187.31287252903,0.093170166015625
Transencwithlineardec,10,5,40892.136509507895,4098.618476867676,0.11237823963165283
Transencwithlineardec,10,6,40488.07448863983,3975.6813926696777,0.13900220394134521
Transencwithlineardec,10,7,39682.347099900246,3466.140026807785,0.24935168027877808
Transencwithlineardec,10,8,38108.116076231,3301.248142361641,0.2850615978240967
Transencwithlineardec,10,9,37497.57993847132,3265.324792742729,0.29284143447875977
Transencwithlineardec,10,10,37136.26624876261,3265.953354895115,0.2927052974700928
Transencwithlineardec,10,11,36952.5348072052,3275.215072274208,0.2906995415687561
Transencwithlineardec,10,12,36697.837942004204,3237.665406703949,0.2988315224647522
Transencwithlineardec,10,13,36684.50214111805,3199.4745811223984,0.3071023225784302
Transencwithlineardec,10,14,36503.77301198244,3198.405062317848,0.30733388662338257
Transencwithlineardec,10,15,36292.029775738716,3186.2885246276855,0.30995798110961914
Transencwithlineardec,10,16,36228.02545595169,3201.1180616617203,0.30674636363983154
Transencwithlineardec,10,17,36167.94313007593,3190.9422343969345,0.30895018577575684
Transencwithlineardec,10,18,36048.532616853714,3180.4549971818924,0.3112213611602783
Transencwithlineardec,10,19,35949.39944708347,3199.412110209465,0.3071158528327942
Transencwithlineardec,10,20,35845.011848568916,3184.1990716457367,0.31041043996810913
Transencwithlineardec,10,21,35652.36378991604,3190.896805524826,0.3089599609375
Transencwithlineardec,10,22,35646.05661034584,3180.8395190238953,0.3111380934715271
Transencwithlineardec,10,23,35558.40116131306,3189.598747253418,0.3092411160469055
Transencwithlineardec,10,24,35502.12220835686,3193.558067560196,0.30838364362716675
Transencwithlineardec,10,25,35530.69809657335,3171.0299966335297,0.3132624626159668
Transencwithlineardec,10,26,35486.86162817478,3173.6406930685043,0.312697172164917
Transencwithlineardec,10,27,35389.77669698,3204.588406443596,0.3059949278831482
Transencwithlineardec,10,28,35309.905589818954,3186.6919811964035,0.3098706603050232
Transencwithlineardec,10,29,35328.64444231987,3170.2191092967987,0.3134381175041199
Transencwithlineardec,10,30,35350.912321448326,3180.627454519272,0.31118398904800415
Transencwithlineardec,10,31,35290.269253730774,3198.048807501793,0.3074111342430115
Transencwithlineardec,10,32,35110.58209002018,3191.416719198227,0.30884742736816406
Transencwithlineardec,11,1,43543.07726582885,4770.995550200343,0.015305936336517334
Transencwithlineardec,11,2,42813.95357874036,4602.499388933182,0.05008214712142944
Transencwithlineardec,11,3,42242.053266465664,4460.079022884369,0.07947665452957153
Transencwithlineardec,11,4,41872.13146317005,4373.569674372673,0.09733134508132935
Transencwithlineardec,11,5,41508.65294158459,4243.556105792522,0.12416505813598633
Transencwithlineardec,11,6,40690.21805548668,3994.464839756489,0.17557549476623535
Transencwithlineardec,11,7,39657.742805600166,3848.906615972519,0.2056174874305725
Transencwithlineardec,11,8,39072.86570739746,3770.956316113472,0.22170579433441162
Transencwithlineardec,11,9,38747.51128274202,3710.257182598114,0.234233558177948
Transencwithlineardec,11,10,38520.85165977478,3703.51802110672,0.2356244921684265
Transencwithlineardec,11,11,38222.5130957365,3649.336173057556,0.24680709838867188
Transencwithlineardec,11,12,38078.05883550644,3632.784725189209,0.2502232789993286
Transencwithlineardec,11,13,37857.88956153393,3588.7780462503433,0.2593058943748474
Transencwithlineardec,11,14,37730.77339410782,3573.3150680065155,0.26249730587005615
Transencwithlineardec,11,15,37506.56434774399,3575.6971476078033,0.26200568675994873
Transencwithlineardec,11,16,37338.16668009758,3561.5882806777954,0.26491767168045044
Transencwithlineardec,11,17,37291.14984977245,3558.5624165534973,0.26554208993911743
Transencwithlineardec,11,18,37079.52610337734,3562.7472805976868,0.26467835903167725
Transencwithlineardec,11,19,37067.11985993385,3547.5629754066467,0.2678123116493225
Transencwithlineardec,11,20,36849.63724142313,3553.798677921295,0.2665253281593323
Transencwithlineardec,11,21,36845.88759672642,3549.998006105423,0.2673097252845764
Transencwithlineardec,11,22,36666.283492565155,3574.145003795624,0.2623260021209717
Transencwithlineardec,11,23,36611.88476622105,3596.3184082508087,0.25774961709976196
Transencwithlineardec,11,24,36691.72333359718,3557.934658050537,0.2656717300415039
Transencwithlineardec,11,25,36581.88973927498,3534.263306617737,0.2705572843551636
Transencwithlineardec,11,26,36469.25339734554,3497.9611308574677,0.2780497074127197
Transencwithlineardec,11,27,36349.04579997063,3535.9591431617737,0.2702072262763977
Transencwithlineardec,11,28,36402.60923278332,3502.141427755356,0.2771870493888855
Transencwithlineardec,11,29,36572.26273071766,3490.860856771469,0.2795151472091675
Transencwithlineardec,11,30,36460.972553253174,3504.018925189972,0.2767994999885559
Transencwithlineardec,11,31,36492.50111782551,3490.60239982605,0.27956849336624146
Transencwithlineardec,11,32,36580.22791147232,3474.3570239543915,0.2829214334487915
Transencwithlineardec,12,1,44272.11666569114,4987.78683469817,0.014703154563903809
Transencwithlineardec,12,2,43653.6427680254,4807.169989943504,0.05038261413574219
Transencwithlineardec,12,3,43047.68344247341,4663.588157653809,0.07874608039855957
Transencwithlineardec,12,4,42659.28225553036,4584.78607237339,0.09431272745132446
Transencwithlineardec,12,5,42268.277236521244,4460.307886004448,0.11890244483947754
Transencwithlineardec,12,6,41652.63988137245,4176.297323584557,0.17500638961791992
Transencwithlineardec,12,7,40519.64259684086,3978.0160462856293,0.214175283908844
Transencwithlineardec,12,8,39802.14651209116,3915.1257424354553,0.22659873962402344
Transencwithlineardec,12,9,39456.95959150791,3873.448573589325,0.23483169078826904
Transencwithlineardec,12,10,39215.117480158806,3813.9540300369263,0.24658435583114624
Transencwithlineardec,12,11,38865.16405689716,3791.116406917572,0.251095712184906
Transencwithlineardec,12,12,38592.58685648441,3747.3797632455826,0.2597355246543884
Transencwithlineardec,12,13,38618.382937550545,3778.463394880295,0.253595232963562
Transencwithlineardec,12,14,38572.423852443695,3769.8201293945312,0.25530266761779785
Transencwithlineardec,12,15,38465.75201904774,3805.2580968141556,0.248302161693573
Transencwithlineardec,12,16,38246.60690689087,3733.1268322467804,0.26255106925964355
Transencwithlineardec,12,17,38155.550898075104,3765.468341588974,0.25616228580474854
Transencwithlineardec,12,18,37967.69183027744,3728.1680991649628,0.2635307312011719
Transencwithlineardec,12,19,38027.08828997612,3753.7737231254578,0.2584725022315979
Transencwithlineardec,12,20,37926.954921364784,3730.0888752937317,0.26315122842788696
Transencwithlineardec,12,21,37953.65500974655,3720.7830862998962,0.26498955488204956
Transencwithlineardec,12,22,37890.85747408867,3735.9118945598602,0.2620009183883667
Transencwithlineardec,12,23,37770.79632151127,3736.326943397522,0.26191890239715576
Transencwithlineardec,12,24,37723.840742468834,3710.375581264496,0.26704543828964233
Transencwithlineardec,12,25,37552.523033976555,3738.702398300171,0.2614496350288391
Transencwithlineardec,12,26,37530.582956433296,3687.99422621727,0.2714667320251465
Transencwithlineardec,12,27,37566.947912693024,3716.743933916092,0.26578736305236816
Transencwithlineardec,12,28,37381.11198759079,3745.862560033798,0.26003527641296387
Transencwithlineardec,12,29,37466.23742759228,3716.675219774246,0.26580101251602173
Transencwithlineardec,12,30,37493.42447292805,3738.0601711273193,0.2615765929222107
Transencwithlineardec,12,31,37563.88206195831,3710.6050868034363,0.26700007915496826
Transencwithlineardec,12,32,37498.67742538452,3705.311537027359,0.2680457830429077
Transencwithlineardec,13,1,45890.926923930645,5229.448713261634,0.007563352584838867
Transencwithlineardec,13,2,44666.97363382578,5172.649975456297,0.018342435359954834
Transencwithlineardec,13,3,44151.78526803851,4967.757107794285,0.057226717472076416
Transencwithlineardec,13,4,43663.202677845955,4861.026323437691,0.07748186588287354
Transencwithlineardec,13,5,43278.48450136185,4772.107047915459,0.09435689449310303
Transencwithlineardec,13,6,42759.07615107298,4568.567451238632,0.13298428058624268
Transencwithlineardec,13,7,41900.36266011,4279.1585440039635,0.18790781497955322
Transencwithlineardec,13,8,40489.60959672928,4009.7318643331528,0.23903930187225342
Transencwithlineardec,13,9,39814.65921920538,3925.664823651314,0.25499337911605835
Transencwithlineardec,13,10,39513.144666314125,3898.367522716522,0.26017385721206665
Transencwithlineardec,13,11,39321.67135888338,3909.969278693199,0.2579720616340637
Transencwithlineardec,13,12,39080.577526926994,3845.512011051178,0.2702046036720276
Transencwithlineardec,13,13,38863.65457910299,3838.6160501241684,0.27151334285736084
Transencwithlineardec,13,14,39337.86348485947,3819.2039355039597,0.2751973271369934
Transencwithlineardec,13,15,38789.46400266886,3807.568383395672,0.2774055004119873
Transencwithlineardec,13,16,38647.77045214176,3815.27417832613,0.2759431004524231
Transencwithlineardec,13,17,38568.26408702135,3763.407935410738,0.2857862710952759
Transencwithlineardec,13,18,38532.38562476635,3736.9037023186684,0.29081612825393677
Transencwithlineardec,13,19,38581.37039756775,3756.216822594404,0.28715091943740845
Transencwithlineardec,13,20,38548.93434667587,3763.595487475395,0.2857506275177002
Transencwithlineardec,13,21,38393.277648448944,3758.994743525982,0.2866237759590149
Transencwithlineardec,13,22,38361.38305747509,3751.5302917957306,0.2880403995513916
Transencwithlineardec,13,23,37987.45795106888,3731.3362233042717,0.29187268018722534
Transencwithlineardec,13,24,38133.48036134243,3748.9196593761444,0.2885357737541199
Transencwithlineardec,13,25,38376.872878313065,3760.837518453598,0.2862740755081177
Transencwithlineardec,13,26,38083.184109568596,3745.6261553764343,0.2891608476638794
Transencwithlineardec,13,27,37940.58754634857,3744.5299924016,0.2893688678741455
Transencwithlineardec,13,28,38143.14694619179,3805.4762271642685,0.2778025269508362
Transencwithlineardec,13,29,37993.12513875961,3802.055881023407,0.27845168113708496
Transencwithlineardec,13,30,38094.02815926075,3802.4482476711273,0.2783772349357605
Transencwithlineardec,13,31,37887.214620471,3826.2648006677628,0.2738572955131531
Transencwithlineardec,13,32,37942.623264074326,3799.0284032821655,0.27902621030807495
Transencwithlineardec,14,1,46092.6012955904,5400.256346620619,0.011246263980865479
Transencwithlineardec,14,2,45220.56409275532,5292.0230127722025,0.031063079833984375
Transencwithlineardec,14,3,44675.95950561762,5126.089581608772,0.06144446134567261
Transencwithlineardec,14,4,44225.48083734512,5020.93342769146,0.08069789409637451
Transencwithlineardec,14,5,43592.33813428879,4836.993012428284,0.1143762469291687
Transencwithlineardec,14,6,41928.413123488426,4243.715627551079,0.22300177812576294
Transencwithlineardec,14,7,40778.63146305084,4102.186588525772,0.24891483783721924
Transencwithlineardec,14,8,40377.661088228226,4072.356984972954,0.2543764114379883
Transencwithlineardec,14,9,40093.54628992081,4057.211552619934,0.25714945793151855
Transencwithlineardec,14,10,39774.59531509876,4074.3640526533127,0.254008948802948
Transencwithlineardec,14,11,39572.94268274307,4023.125015616417,0.26339054107666016
Transencwithlineardec,14,12,39458.70818424225,4047.3159580230713,0.2589612603187561
Transencwithlineardec,14,13,39461.472774386406,4029.1161900758743,0.26229357719421387
Transencwithlineardec,14,14,40220.144161224365,4030.8642424345016,0.26197350025177
Transencwithlineardec,14,15,39479.66040766239,4000.7127398252487,0.2674940228462219
Transencwithlineardec,14,16,39380.902426838875,4016.8828917741776,0.2645334005355835
Transencwithlineardec,14,17,39223.48600244522,4005.4658881425858,0.2666237950325012
Transencwithlineardec,14,18,39531.89965677261,4016.0712945461273,0.26468199491500854
Transencwithlineardec,14,19,39850.96930396557,4076.5630416870117,0.253606379032135
Transencwithlineardec,14,20,39240.40974891186,4018.6827461719513,0.26420384645462036
Transencwithlineardec,14,21,39237.6083728075,4002.7154910564423,0.2671273946762085
Transencwithlineardec,14,22,39194.35560119152,4003.511985063553,0.2669815421104431
Transencwithlineardec,14,23,38972.047449469566,4012.9429879188538,0.2652548551559448
Transencwithlineardec,14,24,39019.58499908447,4030.8027045726776,0.26198482513427734
Transencwithlineardec,14,25,39636.636102080345,3992.181701183319,0.2690560817718506
Transencwithlineardec,14,26,38926.00943350792,3979.690589904785,0.27134305238723755
Transencwithlineardec,14,27,39427.37858223915,4051.5610127449036,0.258184015750885
Transencwithlineardec,14,28,39117.45925068855,3986.7388501167297,0.27005261182785034
Transencwithlineardec,14,29,39832.24679195881,4044.1992305517197,0.25953197479248047
Transencwithlineardec,14,30,38846.088742017746,4003.9228599071503,0.2669062614440918
Transencwithlineardec,14,31,38881.9618165493,4003.300948858261,0.26702016592025757
Transencwithlineardec,14,32,38635.6606926918,3970.645578622818,0.2729991674423218
Transencwithlineardec,15,1,46387.015816926956,5573.432560026646,0.012517273426055908
Transencwithlineardec,15,2,45688.13587754965,5346.348673522472,0.052751243114471436
Transencwithlineardec,15,3,45002.64632111788,5203.772362619638,0.07801246643066406
Transencwithlineardec,15,4,44520.3547013998,5039.738480448723,0.1070755124092102
Transencwithlineardec,15,5,42935.85829663277,4342.091157078743,0.23068231344223022
Transencwithlineardec,15,6,41375.90792274475,4260.5996215343475,0.24512076377868652
Transencwithlineardec,15,7,40893.009962916374,4286.33823621273,0.24056053161621094
Transencwithlineardec,15,8,40659.602700829506,4214.7659034729,0.25324130058288574
Transencwithlineardec,15,9,40434.49885034561,4213.58308839798,0.25345098972320557
Transencwithlineardec,15,10,40325.33521819115,4233.4798938035965,0.24992579221725464
Transencwithlineardec,15,11,40037.82291781902,4208.926761209965,0.25427597761154175
Transencwithlineardec,15,12,39944.43101668358,4217.194292187691,0.2528111934661865
Transencwithlineardec,15,13,39838.41861999035,4199.900506138802,0.25587522983551025
Transencwithlineardec,15,14,39769.304225087166,4215.064586639404,0.25318843126296997
Transencwithlineardec,15,15,39956.231986522675,4178.313604533672,0.2596999406814575
Transencwithlineardec,15,16,39616.81945371628,4187.682383179665,0.2580399513244629
Transencwithlineardec,15,17,39728.362790346146,4239.213383197784,0.24890989065170288
Transencwithlineardec,15,18,39533.69899010658,4216.198979616165,0.25298750400543213
Transencwithlineardec,15,19,39568.92905843258,4199.227506279945,0.25599443912506104
Transencwithlineardec,15,20,39414.21779549122,4178.444084405899,0.25967687368392944
Transencwithlineardec,15,21,39518.64090907574,4191.783859014511,0.25731325149536133
Transencwithlineardec,15,22,39361.55915594101,4155.928726673126,0.263666033744812
Transencwithlineardec,15,23,39461.39666438103,4145.718235611916,0.2654750943183899
Transencwithlineardec,15,24,39155.492201566696,4193.607103943825,0.25699031352996826
Transencwithlineardec,15,25,39276.47238254547,4179.163785278797,0.25954926013946533
Transencwithlineardec,15,26,39225.40830004215,4160.840496778488,0.2627958059310913
Transencwithlineardec,15,27,39127.59183096886,4214.322758674622,0.2533199191093445
Transencwithlineardec,15,28,39247.96389389038,4183.271173715591,0.25882160663604736
Transencwithlineardec,15,29,39158.050862669945,4154.234922647476,0.2639661431312561
Transencwithlineardec,15,30,38960.0040705204,4166.037407398224,0.2618750333786011
Transencwithlineardec,15,31,39072.11439061165,4170.016546726227,0.261169970035553
Transencwithlineardec,15,32,38870.4548112154,4170.810806393623,0.26102930307388306
Transencwithlineardec,16,1,46961.36729520559,5712.04273237288,0.018260717391967773
Transencwithlineardec,16,2,46244.04013758898,5556.353033870459,0.045019328594207764
Transencwithlineardec,16,3,45754.48699557781,5413.861913561821,0.06950950622558594
Transencwithlineardec,16,4,45376.7453366518,5319.926053404808,0.08565443754196167
Transencwithlineardec,16,5,44941.20037674904,5215.947159528732,0.10352551937103271
Transencwithlineardec,16,6,44249.02047538757,4937.361848831177,0.15140652656555176
Transencwithlineardec,16,7,42725.74141550064,4563.857007265091,0.21560150384902954
Transencwithlineardec,16,8,41723.518683195114,4473.856598973274,0.23107004165649414
Transencwithlineardec,16,9,41344.22882223129,4425.828711032867,0.23932456970214844
Transencwithlineardec,16,10,41132.37323701382,4402.146003484726,0.24339503049850464
Transencwithlineardec,16,11,41000.473217487335,4362.3766968250275,0.2502303123474121
Transencwithlineardec,16,12,40789.3107085228,4366.689344882965,0.24948912858963013
Transencwithlineardec,16,13,40642.1314085722,4384.6570501327515,0.2464008927345276
Transencwithlineardec,16,14,40594.81684947014,4351.809570789337,0.25204646587371826
Transencwithlineardec,16,15,40454.57156729698,4359.194943666458,0.25077712535858154
Transencwithlineardec,16,16,40438.32467842102,4355.377048254013,0.2514333128929138
Transencwithlineardec,16,17,40613.57609498501,4356.984319329262,0.2511570453643799
Transencwithlineardec,16,18,40286.04478240013,4339.522626399994,0.2541581988334656
Transencwithlineardec,16,19,40491.34922790527,4320.15043091774,0.25748777389526367
Transencwithlineardec,16,20,40230.710815906525,4354.765483021736,0.2515384554862976
Transencwithlineardec,16,21,40147.0294008255,4356.553247928619,0.2512311339378357
Transencwithlineardec,16,22,40047.731998205185,4349.660926103592,0.2524157166481018
Transencwithlineardec,16,23,41143.32923412323,4317.1288866996765,0.25800710916519165
Transencwithlineardec,16,24,40229.20068478584,4356.922358512878,0.2511677145957947
Transencwithlineardec,16,25,40187.30923426151,4344.655007362366,0.2532760500907898
Transencwithlineardec,16,26,40216.98153978586,4328.211133480072,0.25610238313674927
Transencwithlineardec,16,27,40195.37778377533,4330.298957109451,0.2557436227798462
Transencwithlineardec,16,28,40157.60070848465,4343.751583576202,0.2534313201904297
Transencwithlineardec,16,29,40095.489473342896,4367.946713447571,0.24927294254302979
Transencwithlineardec,16,30,40132.47702586651,4372.479866266251,0.24849385023117065
Transencwithlineardec,16,31,40490.04461479187,4343.198762655258,0.253526508808136
Transencwithlineardec,16,32,39987.945974230766,4361.679370164871,0.25035011768341064
Transencwithlineardec,17,1,47819.39965707064,5939.027637122199,0.0075644850730896
Transencwithlineardec,17,2,47199.37397378683,5883.009187310934,0.016925394535064697
Transencwithlineardec,17,3,46801.97474461794,5696.839014649391,0.04803508520126343
Transencwithlineardec,17,4,46329.77258718014,5597.15882563591,0.06469208002090454
Transencwithlineardec,17,5,45930.034263134,5475.667162001133,0.08499395847320557
Transencwithlineardec,17,6,45470.54618227482,5329.657393038273,0.10939276218414307
Transencwithlineardec,17,7,44726.51127922535,5012.536795973778,0.16238480806350708
Transencwithlineardec,17,8,42675.85144686699,4677.585142374039,0.21835660934448242
Transencwithlineardec,17,9,41962.07480931282,4660.277643442154,0.22124874591827393
Transencwithlineardec,17,10,41632.407678604126,4631.744991064072,0.22601670026779175
